authority,fact,value,source_url,retrieved_at,quote
State of Texas (TDLR),nec_edition_2023_superseded,"2023 NEC was the statewide minimum from Sept 1 2023 until superseded by the 2026 NEC on Sept 1 2026 (see nec_edition_2026_current row). NOTE: TDLR's own public compliance guide still described the 2023 edition, with no mention of 2026, when re-checked on 2026-09-26 -- the guide page appears not yet updated post-adoption.",https://www.tdlr.texas.gov/ELECTRICIANS/compliance-guide.htm,2026-09-26T04:00:00Z,"TDLR has adopted the National Electric Code 2023 Edition , as it existed on August 25, 2022 and as adopted by the National Fire Protection Association, Inc."
State of Texas (TDLR),nec_edition_2026_current_open_question_6,"Yes, adopted. TDLR amended 16 TAC Sec. 73.100 to adopt the 2026 NEC as the statewide electrical code, effective September 1, 2026, with one modification. Rule filed and adoption notice published in the Texas Register's August 28, 2026 issue.",https://www.sos.state.tx.us/texreg/archive/August282026/Adopted%20Rules/16.ECONOMIC%20REGULATION.html,2026-09-26T04:16:00Z,"adopts the 2026 National Electrical Code (NEC) published by the National Fire Protection Association (NFPA) as the state's electrical code, with one modification ... Effective date: September 1, 2026"
State of Texas (TDLR),nec_edition_2026_tdlr_news_release,"TDLR's own news release confirms the Commission adopted the 2026 NEC as the state electrical code, with a GFCI exception for certain outdoor outlets",https://www.tdlr.texas.gov/news/rulemaking/2026/09/01/commission-adopts-rules-12/,2026-09-26T04:16:00Z,"The Texas Commission of Licensing and Regulation adopted amendments to an existing rule at 16 Texas Administrative Code (TAC), Chapter 73, §73.100, regarding the Electricians program. The adopted amendments adopt the 2026 National Electrical Code as the state electrical code, with a limited exception pertaining to ground-fault circuit interrupter requirements for certain outdoor outlets."
State of Texas (TDLR),permit_not_required_code_version_rule,"When no electrical permit is required (e.g. some unincorporated-area work), the installation follows the state-adopted code in effect on the day work begins; if a permit is obtained, the code in effect at permit issuance applies",https://www.tdlr.texas.gov/ELECTRICIANS/compliance-guide.htm,2026-09-26T04:00:00Z,"If no permit is required, the installation would follow the current adopted state code on the day the electrician begins installing the electrical materials or equipment within the residential or commercial building structure. If a permit is/was required, the electrical installation would follow the state adopted code from when the permit was obtained."
City of Austin,adopted_irc_edition,"2024 IRC (Austin Residential Code 2024), effective July 10, 2025, no end date shown (currently active)",https://up.codes/viewer/austin/irc-2024,2026-09-26T04:16:00Z,"Effective dates July 10, 2025 - Present ... Adopts with amendments International Residential Code 2024 (IRC 2024)"
City of Austin,adopted_nec_edition_2023_superseded,"2023 NEC (NFPA 70, 2023) was Austin's local electrical code from September 11, 2023 through August 31, 2026",https://up.codes/viewer/austin/nfpa-70-2023,2026-09-26T04:16:00Z,"Effective dates September 11, 2023 - August 31, 2026 Adopts with amendments NFPA 70, 2023"
City of Austin,adopted_nec_edition_2026,"An 'Austin Electrical Code 2026' (based on NFPA 70, 2026) is catalogued with an effective start date of September 1, 2026, matching the statewide TDLR effective date. Austin's own amended ordinance text was not yet published/viewable as of retrieval (isActive=false, no viewer link), so Austin-specific amendments could not be independently confirmed.",https://up.codes/codes/austin,2026-09-26T04:16:00Z,"""baseCode"":""NFPA 70, 2026"",""canEnableAmendStyling"":true,""codeYear"":""2026"",""effectiveEndDate"":null,""effectiveStartDate"":""2026-09-01"",""hasAmendments"":true,""href"":null,""isActive"":false...""name"":""Austin Electrical Code 2026"""
City of Austin,adopted_ifc_edition,"2024 IFC, adopted via Ordinance 20250410-039 'Adoption of 2024 International Fire Code with Local Amendments', effective July 10, 2025 -- currently active per up.codes, superseding the 2021 edition I originally checked (Austin Fire Code 2021 remained flagged isActive in the same catalog data, so treat this as the better-supported but not 100% exclusive current edition)",https://up.codes/codes/austin,2026-09-26T04:20:00Z,"Ordinance 20250410-039 / Adoption of 2024 International Fire Code with Local Amendments ... ""baseCode"":""IFC 2024"",""canEnableAmendStyling"":true,""codeYear"":""2024"",""effectiveEndDate"":null,""effectiveStartDate"":""2025-07-10"""
City of Austin,adopted_ibc_edition,"2024 IBC, adopted via Ordinance 20250410-045 'Adoption of 2024 International Building Code and 2024 International Existing Building Code with Local Amendments', effective July 10, 2025 -- same effective date as Austin's 2024 IRC and 2024 IFC adoptions",https://up.codes/codes/austin,2026-09-26T04:20:00Z,"Ordinance 20250410-045 / Adoption of 2024 International Building Code and 2024 International Existing Building Code with Local Amendments ... ""baseCode"":""IBC 2024"",""canEnableAmendStyling"":true,""codeYear"":""2024"",""effectiveEndDate"":null,""effectiveStartDate"":""2025-07-10"""
City of Austin,residential_ess_permit_required,"Yes: all ESS in Austin Energy territory require an Auxiliary Power Electrical Permit (EP), whether inside city limits or in the ETJ",https://austinenergy.com/-/media/project/websites/austinenergy/green-power/solar/austinenergy_solarpermittingmanual.pdf,2026-09-26T04:00:00Z,"ALL Solar Distributed Generation (DG) Systems, Energy Storage Systems (ESS), and/or Interconnected Spinning Generators in Austin Energy (AE) territory require an Auxiliary Power Electrical Permit (EP)."
City of Austin,ess_permit_guidance_page,"Austin Energy Solar Permitting Manual (Auxiliary Power Electrical Permits), version published May 2026",https://austinenergy.com/-/media/project/websites/austinenergy/green-power/solar/austinenergy_solarpermittingmanual.pdf,2026-09-26T04:00:00Z,"THIS VERSION PUBLISHED: MAY 2026 Solar Permitting Manual Auxiliary Power Electrical Permits"
City of Austin,fire_code_ess_permit_requirement,"Austin's currently-active Fire Code (2024 IFC, Sec. 1207.1.4 'Permits', effective July 10 2025 -- renumbered from 1207.1.2 in the 2021-cycle text) requires a construction permit for stationary ESS installations, obtained in accordance with Sec. 105.5.22 -- the underlying permit citation (105.5.22) is unchanged from the 2021-cycle text this superseded",https://up.codes/viewer/austin/ifc-2024/chapter/12/energy-systems,2026-09-26T04:20:00Z,"1207.1.4 Permits Permits shall be obtained for ESS as follows: Construction permits shall be obtained for stationary ESS installations and mobile ESS charging and mobile station covered by Section 1207.10.1 . Permits shall be obtained in accordance with Section 105.5.22 ."
City of Austin,residential_ess_size_location_limits,"Austin's currently-active Fire Code Sec. 1207.11.4 (2024 IFC, Group R-3/R-4 dwellings, effective July 10 2025, expressly based on NFPA 855-2023): individual ESS units capped at 20 kWh; aggregate capacity capped at 40 kWh in utility closets, basements, and storage/utility spaces, and 80 kWh in attached/detached garages, detached accessory structures, exterior walls, or outdoors on the ground. IMPORTANT for Base Core sizing: the code does not simply forbid exceeding these caps -- an ESS installation over the individual/aggregate ratings is instead required to comply with the general (non-residential) ESS provisions of Sections 1207.1-1207.9, i.e. it is reclassified rather than barred. Note: the 2024 edition added 'basements' to the 40 kWh tier, which was not present in the 2021-cycle text or the generic IRC R328/NFPA 855 summary.",https://up.codes/viewer/austin/ifc-2024/chapter/12/energy-systems,2026-09-26T04:20:00Z,"1207.11.4 Energy Ratings Individual ESS units shall have a maximum rating of 20 kWh. The aggregate rating of the ESS shall not exceed: 40 kWh within utility closets, basements , and storage or utility spaces. 80 kWh in attached or detached garages and detached accessory structures. 80 kWh on exterior walls . 80 kWh outdoors on the ground. ESS installations exceeding the permitted individual or aggregate ratings shall be installed in accordance with Sections 1207.1 through 1207.9 . (Material based on NFPA 855 2023 Ed.)"
Unincorporated Travis County,adopted_ifc_edition,"2021 International Fire Code, effective January 1, 2026 (Travis County Code Ch. 201), per a PDF titled '2021 Fire Code Travis County Code Chapter 201 Fire Code' hosted on a third-party S3 bucket (not traviscountytx.gov itself). CAVEAT: this same PDF's own table of contents heading still reads 'Amendments to the 2015 International Fire Code' (an apparent copy/paste leftover from an earlier version), and I could not corroborate the 2021-edition/Jan 2026 date via traviscountytx.gov, traviscountyfirerescue.org, or the county's encodeplus code viewer (all JS-rendered pages that returned no plain-text content to curl). Treat the adopted edition and effective date as provisional pending a Travis County-hosted primary source.",https://fi360-static.s3.amazonaws.com/TCFM/2021%20Fire%20Code%20Travis%20County%20Code%20Chapter%20201%20Fire%20Code.pdf,2026-09-26T04:00:00Z,"This chapter takes effect on January 1, 2026. ... The 2021 Fire Code adopted by the Commissioners Court consists of the codes and standards, known as the International Fire Code, 2021 Edition ... 201.064 Amendments to the 2015 International Fire Code"
Unincorporated Travis County,ess_standard_referenced,"NFPA 855-23 (Standard for the Installation of Stationary Energy Storage Systems) added as a referenced standard under Section 1201.1 (energy systems)",https://fi360-static.s3.amazonaws.com/TCFM/2021%20Fire%20Code%20Travis%20County%20Code%20Chapter%20201%20Fire%20Code.pdf,2026-09-26T04:00:00Z,"In the NFPA section of Chapter 80, the following is added as a referenced standard of subsection 1201.1: 855-23: Standard for the Installation of Stationary Energy Storage Systems"
Unincorporated Travis County,irc_edition_for_residential_construction,"No single county-mandated IRC edition confirmed: Travis County's own permits page states that new/substantially improved one- and two-family dwellings must comply with Chapter 80 of the Travis County Code by having the builder indicate, on the permit application, the IRC version to be used for construction -- the county does not itself pick one edition on this page. CAVEAT: the page's own visible header reads 'Travis County Code: Chapter 480 Expired', so the current numbering/status of this chapter is unclear; treat this fact as provisional.",https://www.traviscountytx.gov/tnr/permits/chapter-80,2026-09-26T04:16:00Z,"All new and substantial improved one and two family dwellings constructed by a professional home builder or re modeler must comply with Chapter 80 of the Travis County Code by indicating the version of International Residential Code (IRC) that is to be utilized during construction on the permit application."
City of Houston,adopted_irc_ibc_ifc_edition,"2021 IBC / 2021 IRC / 2021 IFC, effective January 1, 2024",https://www.houstonpermittingcenter.org/construction-code-modernization/code-amendment,2026-09-26T04:16:00Z,"2021 International Building Code (IBC) ... 2021 International Residential Code (IRC) ... 2021 International Fire Code (IFC) ... The approved codes were proposed to the City Council for adoption on October 25, 2023. The codes will go into effect on Monday, January 1, 2024."
City of Houston,adopted_nec_edition,"2023 NEC, adopted with Houston administrative amendments alongside the 2021-cycle model codes",https://www.houstonpermittingcenter.org/construction-code-modernization/code-amendment,2026-09-26T04:16:00Z,"2023 National Electrical Code (NEC) Administrative Amendments"
City of Houston,residential_ess_size_location_limits,"Houston-adopted 2021 IFC Sec. 1207.11 (Group R-3/R-4): individual ESS units capped at 20 kWh; aggregate capacity capped at (list item 1) 40 kWh within utility closets and storage/utility spaces, (2) 80 kWh in attached or detached garages and detached accessory structures, (3) 80 kWh on exterior walls, (4) 80 kWh outdoors on the ground. NOTE: the quote's '1.40 kWh' / '2.80 kWh' etc. are the source PDF's own list numbering glued to the value with no space (a PDF-extraction artifact, reproduced verbatim below) -- read as list item '1.' followed by '40 kWh', not the decimal 1.40 kWh. Source is a Houston Permitting Center-published consultant (Jensen Hughes) technical memo reproducing the adopted section text, not the ordinance itself.",https://www.houstonpermittingcenter.org/media/9346/download,2026-09-26T04:00:00Z,"1207.11.4 Energy Ratings. Individual ESS units shall have a maximum rating of 20 kWh. The aggregate rating structure shall not exceed: 1.40 kWh within utility closets and storage or utility spaces. 2.80 kWh in attached or detached garages and detached accessory structures. 3.80 kWh on exterior walls. 4.80 kWh outdoors on the ground."
City of Houston,residential_ess_permit_required,"Yes: Sec. 1207.1.2 requires a construction permit for stationary ESS installations (per Sec. 105.6.5) and an operational permit for stationary ESS deployment (per Sec. 105.5.14). Sec. 1207.1's own scope statement carves out an exception: 'ESS in Group R-3 and R-4 occupancies shall comply with Section 1207.11' -- so applying the 1207.1.2 permit clause to a residential (R-3/R-4) ESS is my interpretation of how the two sections interact, not a sentence the document states outright for the residential case specifically.",https://www.houstonpermittingcenter.org/media/9346/download,2026-09-26T04:00:00Z,"1207.1.2 Permits. Permits shall be obtained for ESS as follows: 1. Construction permits shall be obtained for stationary ESS installations and for mobile ESS charging and storage installations covered by Section 1207.10.1. Permits shall be obtained in accordance with Section 105.6.5. 2. Operational permits shall be obtained for stationary ESS installations and for mobile ESS deployment operations covered by Section 1207.10.3. Permits shall be obtained in accordance with Section 105.5.14."
City of Houston,ess_permit_guidance_page,"Houston Permitting Center published technical memo 'IFC Electrical Storage Systems' (Jensen Hughes, Dec 1 2023) explaining the 2021 IFC Section 1207 ESS requirements adopted by Houston",https://www.houstonpermittingcenter.org/media/9346/download,2026-09-26T04:00:00Z,"Subject: IFC Electrical Storage Systems ... Date: December 1, 2023"
Unincorporated Harris County,adopted_ifc_edition,"2021 International Fire Code, originally effective February 1, 2021; most recently amended August 26, 2025, effective October 1, 2025",https://oce.harriscountytx.gov/Portals/43/Documents/Publications/Harris%20County%20Fire%20Code%20Regulations%20-%20Effective%2010-1-2025.pdf,2026-09-26T04:00:00Z,"HARRIS COUNTY FIRE CODE ... EFFECTIVE: February 1, 2021 AMENDED: September 9, 2021 AMENDED: Dec 14, 2021 EFFECTIVE: March 1, 2022 AMENDED: Nov 12, 2024 EFFECTIVE: January 1, 2025 AMENDED: Aug 26, 2025 EFFECTIVE: Oct 1, 2025 ... The 2021 International Fire Code, including Appendices B, C, D, H and I, is hereby adopted as the Harris County Fire Code by the Commissioners Court of Harris County, Texas"
Unincorporated Harris County,ess_standard_referenced,"Energy storage systems regulated under IFC Section 1207 must comply with NFPA 855",https://oce.harriscountytx.gov/Portals/43/Documents/Publications/Harris%20County%20Fire%20Code%20Regulations%20-%20Effective%2010-1-2025.pdf,2026-09-26T04:00:00Z,"Energy storage systems regulated by Section 1207 shall comply with this chapter, as appropriate, and NFPA 855."
Unincorporated Harris County,residential_ess_permit_required,"Yes: a construction permit is required to install energy storage systems regulated by Section 1207",https://oce.harriscountytx.gov/Portals/43/Documents/Publications/Harris%20County%20Fire%20Code%20Regulations%20-%20Effective%2010-1-2025.pdf,2026-09-26T04:00:00Z,"105.6.5 Energy storage systems. A construction permit is required to install energy storage systems regulated by Section 1207."
Unincorporated Harris County,irc_edition_for_residential_construction,"No Harris County-adopted IRC edition; a 2009 Commissioners Court order applies Tex. Loc. Gov't Code ch. 233 subch. F, requiring new residential construction in unincorporated Harris County to conform to the IRC as of May 1, 2008, or the IRC edition applicable in the county seat. (Houston's currently-adopted IRC edition, confirmed elsewhere in this CSV, is 2021 -- that cross-reference is not stated on this 2009 order itself.)",https://apps.harriscountytx.gov/AE/BCode/pdf/ResidentialBuildingCodeStandardsApplicabletoHarrisCounty.pdf,2026-09-26T04:00:00Z,"New residential construction of a single-family house or duplex in the unincorporated area of a county to which this subchapter applies shall conform to the version of the International Residential Code published as of May 1, 2008, or the version of the International Residential Code that is applicable in the county seat of that county. ... This Order shall be effective September 1, 2009."
