eia_utility_number,utility_name,retail_market,plain_language,source_url,quote,retrieved_at
44372,Oncor Electric Delivery,deregulated,Retail choice (Power to Choose): Base can be the electricity retailer,https://www.basepowercompany.com/llms.txt,"the power-to-choose areas served by Oncor, CenterPoint, AEP Texas, and TNMP, plus additional utility and cooperative areas including CoServ, GVEC, Farmers Electric, and El Paso Electric",2026-09-26T10:56:14Z
8901,CenterPoint Energy,deregulated,Retail choice (Power to Choose): Base can be the electricity retailer,https://www.basepowercompany.com/llms.txt,"the power-to-choose areas served by Oncor, CenterPoint, AEP Texas, and TNMP, plus additional utility and cooperative areas including CoServ, GVEC, Farmers Electric, and El Paso Electric",2026-09-26T10:56:14Z
40051,Texas-New Mexico Power (TNMP),deregulated,Retail choice (Power to Choose): Base can be the electricity retailer,https://www.basepowercompany.com/llms.txt,"the power-to-choose areas served by Oncor, CenterPoint, AEP Texas, and TNMP, plus additional utility and cooperative areas including CoServ, GVEC, Farmers Electric, and El Paso Electric",2026-09-26T10:56:14Z
1015,Austin Energy,not_deregulated,"Municipal utility, no retail choice: Austin Energy remains the electricity provider",https://www.basepowercompany.com/electricity-rates/cedar-park-tx,Cedar Park is on Oncor and IS deregulated — unlike Austin itself.,2026-09-26T10:56:14Z
14626,Pedernales Electric Cooperative,not_deregulated,Electric cooperative outside the power-to-choose areas; not on Base's service list,https://www.basepowercompany.com/llms.txt,"the power-to-choose areas served by Oncor, CenterPoint, AEP Texas, and TNMP, plus additional utility and cooperative areas including CoServ, GVEC, Farmers Electric, and El Paso Electric",2026-09-26T10:56:14Z
1892,Bluebonnet Electric Cooperative,not_deregulated,Electric cooperative outside the power-to-choose areas; not on Base's service list,https://www.basepowercompany.com/llms.txt,"the power-to-choose areas served by Oncor, CenterPoint, AEP Texas, and TNMP, plus additional utility and cooperative areas including CoServ, GVEC, Farmers Electric, and El Paso Electric",2026-09-26T10:56:14Z
7752,Guadalupe Valley Electric Cooperative (GVEC),not_deregulated,"Cooperative area Base serves, outside the power-to-choose areas",https://www.basepowercompany.com/llms.txt,"the power-to-choose areas served by Oncor, CenterPoint, AEP Texas, and TNMP, plus additional utility and cooperative areas including CoServ, GVEC, Farmers Electric, and El Paso Electric",2026-09-26T10:56:14Z
6182,Farmers Electric Cooperative,not_deregulated,"Cooperative area Base serves, outside the power-to-choose areas",https://www.basepowercompany.com/llms.txt,"the power-to-choose areas served by Oncor, CenterPoint, AEP Texas, and TNMP, plus additional utility and cooperative areas including CoServ, GVEC, Farmers Electric, and El Paso Electric",2026-09-26T10:56:14Z
5701,El Paso Electric,not_deregulated,"Utility area Base serves, outside the power-to-choose areas",https://www.basepowercompany.com/llms.txt,"the power-to-choose areas served by Oncor, CenterPoint, AEP Texas, and TNMP, plus additional utility and cooperative areas including CoServ, GVEC, Farmers Electric, and El Paso Electric",2026-09-26T10:56:14Z
1273,Bartlett Electric Cooperative,not_deregulated,Electric cooperative outside the power-to-choose areas; not on Base's service list,https://www.basepowercompany.com/llms.txt,"the power-to-choose areas served by Oncor, CenterPoint, AEP Texas, and TNMP, plus additional utility and cooperative areas including CoServ, GVEC, Farmers Electric, and El Paso Electric",2026-09-26T18:57:22Z
1287,City of Bartlett,not_deregulated,"Municipal utility, no retail choice, and not on Base's service list",https://www.basepowercompany.com/llms.txt,"the power-to-choose areas served by Oncor, CenterPoint, AEP Texas, and TNMP, plus additional utility and cooperative areas including CoServ, GVEC, Farmers Electric, and El Paso Electric",2026-09-26T18:57:22Z
7129,City of Georgetown,not_deregulated,"Municipal utility, no retail choice, and not on Base's service list",https://www.basepowercompany.com/llms.txt,"the power-to-choose areas served by Oncor, CenterPoint, AEP Texas, and TNMP, plus additional utility and cooperative areas including CoServ, GVEC, Farmers Electric, and El Paso Electric",2026-09-26T18:57:22Z
