base_name,eia_utility_number,polygon_name,state,mapped,note,base_source_url,base_retrieved_at,polygon_source_url,polygon_retrieved_at
CenterPoint Energy,8901,CENTERPOINT ENERGY,TX,yes,,https://www.basepowercompany.com/pricing.md,2026-09-26T07:46:07Z,https://data.source.coop/seerai/hifld/electric-retail-service-territories/retail-service-territories/retail-service-territories.parquet,2026-09-26T07:46:42Z
Oncor,44372,ONCOR ELECTRIC DELIVERY COMPANY LLC,TX,yes,,https://www.basepowercompany.com/pricing.md,2026-09-26T07:46:07Z,https://data.source.coop/seerai/hifld/electric-retail-service-territories/retail-service-territories/retail-service-territories.parquet,2026-09-26T07:46:42Z
AEP Texas Central,,,TX,no,No AEP Texas polygon in the HIFLD mirror (141 TX territories checked by name and holding company); outside Travis/Harris,https://www.basepowercompany.com/pricing.md,2026-09-26T07:46:07Z,https://data.source.coop/seerai/hifld/electric-retail-service-territories/retail-service-territories/retail-service-territories.parquet,2026-09-26T07:46:42Z
AEP Texas North,,,TX,no,No AEP Texas polygon in the HIFLD mirror; outside Travis/Harris,https://www.basepowercompany.com/pricing.md,2026-09-26T07:46:07Z,https://data.source.coop/seerai/hifld/electric-retail-service-territories/retail-service-territories/retail-service-territories.parquet,2026-09-26T07:46:42Z
Texas–New Mexico Power,40051,TEXAS-NEW MEXICO POWER CO,TX,yes,,https://www.basepowercompany.com/pricing.md,2026-09-26T07:46:07Z,https://data.source.coop/seerai/hifld/electric-retail-service-territories/retail-service-territories/retail-service-territories.parquet,2026-09-26T07:46:42Z
ComEd,4110,COMMONWEALTH EDISON CO,IL,yes,Illinois is out of scope for this sprint,https://www.basepowercompany.com/pricing.md,2026-09-26T07:46:07Z,https://data.source.coop/seerai/hifld/electric-retail-service-territories/retail-service-territories/retail-service-territories.parquet,2026-09-26T07:46:42Z
Guadalupe Valley EC,7752,GUADALUPE VALLEY ELEC COOP INC,TX,yes,,https://www.basepowercompany.com/pricing.md,2026-09-26T07:46:07Z,https://data.source.coop/seerai/hifld/electric-retail-service-territories/retail-service-territories/retail-service-territories.parquet,2026-09-26T07:46:42Z
CoServ,,,TX,no,"CoServ (Denton County Electric Cooperative d/b/a CoServ) — name match is plausible to DENTON COUNTY ELEC COOP, INC (5078) but not confirmed from a cited source; left unmapped rather than guessed; outside Travis/Harris",https://www.basepowercompany.com/pricing.md,2026-09-26T07:46:07Z,https://data.source.coop/seerai/hifld/electric-retail-service-territories/retail-service-territories/retail-service-territories.parquet,2026-09-26T07:46:42Z
Farmers EC,6182,"FARMERS ELECTRIC COOP, INC - (TX)",TX,yes,"Texas polygon (6182), not the New Mexico one (6198)",https://www.basepowercompany.com/pricing.md,2026-09-26T07:46:07Z,https://data.source.coop/seerai/hifld/electric-retail-service-territories/retail-service-territories/retail-service-territories.parquet,2026-09-26T07:46:42Z
Austin Energy,1015,AUSTIN ENERGY,TX,yes,,https://www.basepowercompany.com/pricing.md,2026-09-26T07:46:07Z,https://data.source.coop/seerai/hifld/electric-retail-service-territories/retail-service-territories/retail-service-territories.parquet,2026-09-26T07:46:42Z
El Paso Electric,5701,EL PASO ELECTRIC CO,TX,yes,,https://www.basepowercompany.com/pricing.md,2026-09-26T07:46:07Z,https://data.source.coop/seerai/hifld/electric-retail-service-territories/retail-service-territories/retail-service-territories.parquet,2026-09-26T07:46:42Z
Pedernales Electric Cooperative,14626,"PEDERNALES ELECTRIC COOP, INC",TX,no,"Confirmed polygon match (core.territories eia_id=14626), but not on Base's own service list -- pricing.md's ""Search your area"" utility list and llms.txt's Texas service-area sentence both name only Oncor/CenterPoint/AEP Texas/TNMP plus CoServ/GVEC/Farmers Electric/El Paso Electric; Pedernales is absent from both. Serves Williamson-area homes (M3).",https://www.basepowercompany.com/pricing.md,2026-09-26T18:57:22Z,https://data.source.coop/seerai/hifld/electric-retail-service-territories/retail-service-territories/retail-service-territories.parquet,2026-09-26T07:46:42Z
Bluebonnet Electric Cooperative,1892,"BLUEBONNET ELECTRIC COOP, INC",TX,no,"Confirmed polygon match (core.territories eia_id=1892), but not on Base's own service list, same citation as Pedernales above. Serves Williamson-area homes (M3).",https://www.basepowercompany.com/pricing.md,2026-09-26T18:57:22Z,https://data.source.coop/seerai/hifld/electric-retail-service-territories/retail-service-territories/retail-service-territories.parquet,2026-09-26T07:46:42Z
Bartlett Electric Cooperative,1273,"BARTLETT ELECTRIC COOP, INC",TX,no,"Confirmed polygon match (core.territories eia_id=1273), but not on Base's own service list, same citation as Pedernales above. Serves Williamson-area homes (M3).",https://www.basepowercompany.com/pricing.md,2026-09-26T18:57:22Z,https://data.source.coop/seerai/hifld/electric-retail-service-territories/retail-service-territories/retail-service-territories.parquet,2026-09-26T07:46:42Z
City of Bartlett,1287,CITY OF BARTLETT - (TX),TX,no,"Confirmed polygon match (core.territories eia_id=1287), but not on Base's own service list, same citation as Pedernales above. Serves Williamson-area homes (M3).",https://www.basepowercompany.com/pricing.md,2026-09-26T18:57:22Z,https://data.source.coop/seerai/hifld/electric-retail-service-territories/retail-service-territories/retail-service-territories.parquet,2026-09-26T07:46:42Z
City of Georgetown,7129,CITY OF GEORGETOWN - (TX),TX,no,"Confirmed polygon match (core.territories eia_id=7129), but not on Base's own service list, same citation as Pedernales above -- the Georgetown, TX member story in llms.txt is a Georgetown-area home on Oncor, not a City of Georgetown utility customer. Serves Williamson-area homes (M3).",https://www.basepowercompany.com/pricing.md,2026-09-26T18:57:22Z,https://data.source.coop/seerai/hifld/electric-retail-service-territories/retail-service-territories/retail-service-territories.parquet,2026-09-26T07:46:42Z
